Workbook

Sheet 使い方
B2: 本番用記録表（改良版）
B3: 元の記録表（Honda エコ マイレッジ チャレンジ 本番用記録表.xlsx）と同じく、実走タイムを入れると差と次の周の目標速度が出る。
B5: 入れるセル
B6: ・黄色のセル（青い文字）だけを書き換える。ほかのセルは計算式
B7: ・実走タイム（累計）：コントロール（最終周はゴール）を通った時の、スタートからの経過時間。例 0:04:57.1
B8: ・余裕（秒）：制限タイムよりどれだけ早くゴールするか。クラスのシートごとに決める
B9: ・スタート→コントロール、ゴール→コントロール（m）：コースウォークで測ったラインの間隔に書き換える（アプリの設定→ラインの「ライン間の距離」）
B11: 元の記録表から変えたところ
B12: 1. 周の距離を実際のコースに合わせた：1周目はスタート→コントロール、最終周はコントロール→ゴールの分だけ短い（昨年の実走のGPXで確認、「昨年の実走（検証）」シート）
B13: 2. 目標タイムを周回数で等分せず、距離に比例して割り振った（等分だと1周目に約20秒の「貯金」が出て、2周目を遅く走らせてしまう）
B14: 3. 余裕を秒で入れる欄を作った（元は全体目標タイム16:20を直接入れていた）
B15: 4. 一周平均速度の色を、決まった25〜26km/hではなく、その周の目標速度に対して付けた
... B24: ・計算はAndroidアプリ（EcoLogger）の画面の「この周の目標」「差」「前半」と同じ

Sheet CN二輪車
B2: CN二輪車
K3: 入力（黄色のセル）
K4: 全体距離（m） | M4: 6856.72 | N4: 競技規則 第2章第1条第1項4（2026年）
K5: 周回数 | M5: 3 | N5: 競技規則 第2章第1条第1項4（2026年）
K6: 制限タイム | M6: =TIME(0,16,27)+0.36/86400 -> 0.011427778 | N6: 競技規則 第2章第1条第1項4（2026年）。小数点以下も規則の値
K7: 余裕（秒） | M7: 30 | N7: 制限タイムよりこれだけ早くゴールする。昨年のスーパーカブは約26秒早くゴールしていた（2025-10-12のGPX）。元の記録表は16:20（約7秒）
K8: スタート→コントロール（m） | M8: 277.8 | N8: ラインの間隔（直線距離）。コースウォークで測った値に書き換える。アプリの設定→ラインに出る「コントロール→スタート」の値。今は地図から拾ったおおよその位置
K9: ゴール→コントロール（m） | M9: 89.9 | N9: ラインの間隔（直線距離）。コースウォークで測った値に書き換える。アプリの設定→ラインに出る「ゴール→コントロール」の値。今は地図から拾ったおおよその位置
K11: 計算（触らない）
K12: 全体目標タイム | M12: =$M$6-$M$7/86400 -> 0.011080556 | N12: 制限タイム − 余裕
K13: 1周の長さ（m） | M13: =($M$4+$M$8+$M$9)/$M$5 -> 2408.14 | N13: 1周目はスタート→コントロールの分、最終周はゴール→コントロールの分だけ短い
K14: 計画の平均速度（km/h） | M14: =$M$4/1000/($M$12*24) -> 25.783605 | N14: 全体距離 ÷ 全体目標タイム。1周目の目標速度と同じ
B16: 周回 | C16: 周の距離（m） | D16: 目標タイム（累計） | E16: 実走タイム（累計） | F16: 差 | G16: 周タイム | H16: 一周平均速度 | I16: この周の目標速度 | J16: 目標比（km/h） | K16: 次の周の目標速度 | L16: 次の周の前半の目標速度
B17: スタート前 | D17: 0 | E17: 0 | K17: =C18/1000/(D18*24) -> 25.783605 | L17: =C18/2/1000/(D18/2*24) -> 25.783605
B18: =IF(1<=$M$5,1,"") -> 1 | C18: =IF($B18<=$M$5,$M$13-IF($B18=1,$M$8,0)-IF($B18=$M$5,$M$9,0),"") -> 2130.34 | D18: =IF($B18<=$M$5,$M$12*SUM($C$18:C18)/$M$4,"") -> 0.0034426593 | F18: =IF(AND($B18<=$M$5,E18<>""),(D18-E18)*86400,"") | G18: =IF(AND($B18<=$M$5,E18<>""),E18-E17,"") | H18: =IF(AND($B18<=$M$5,E18<>""),C18/1000/(G18*24),"") | I18: =IF(AND($B18<=$M$5,E17<>""),C18/1000/((D18-E17)*24),"") -> 25.783605 | J18: =IF(AND(AND($B18<=$M$5,E18<>""),I18<>""),H18-I18,"") | K18: =IF(AND(AND($B18<=$M$5,E18<>""),$B18<$M$5),C19/1000/((D19-E18)*24),"") | L18: =IF(AND(AND($B18<=$M$5,E18<>""),$B18<$M$5),C19/2/1000/(((D18+D19)/2-E18)*24),"")
B19: =IF(2<=$M$5,2,"") -> 2 | C19: =IF($B19<=$M$5,$M$13-IF($B19=1,$M$8,0)-IF($B19=$M$5,$M$9,0),"") -> 2408.14 | D19: =IF($B19<=$M$5,$M$12*SUM($C$18:C19)/$M$4,"") -> 0.0073342472 | F19: =IF(AND($B19<=$M$5,E19<>""),(D19-E19)*86400,"") | G19: =IF(AND($B19<=$M$5,E19<>""),E19-E18,"") | H19: =IF(AND($B19<=$M$5,E19<>""),C19/1000/(G19*24),"") | I19: =IF(AND($B19<=$M$5,E18<>""),C19/1000/((D19-E18)*24),"") | J19: =IF(AND(AND($B19<=$M$5,E19<>""),I19<>""),H19-I19,"") | K19: =IF(AND(AND($B19<=$M$5,E19<>""),$B19<$M$5),C20/1000/((D20-E19)*24),"") | L19: =IF(AND(AND($B19<=$M$5,E19<>""),$B19<$M$5),C20/2/1000/(((D19+D20)/2-E19)*24),"")
B20: =IF(3<=$M$5,3,"") -> 3 | C20: =IF($B20<=$M$5,$M$13-IF($B20=1,$M$8,0)-IF($B20=$M$5,$M$9,0),"") -> 2318.24 | D20: =IF($B20<=$M$5,$M$12*SUM($C$18:C20)/$M$4,"") -> 0.011080556 | F20: =IF(AND($B20<=$M$5,E20<>""),(D20-E20)*86400,"") | G20: =IF(AND($B20<=$M$5,E20<>""),E20-E19,"") | H20: =IF(AND($B20<=$M$5,E20<>""),C20/1000/(G20*24),"") | I20: =IF(AND($B20<=$M$5,E19<>""),C20/1000/((D20-E19)*24),"") | J20: =IF(AND(AND($B20<=$M$5,E20<>""),I20<>""),H20-I20,"") | K20: =IF(AND(AND($B20<=$M$5,E20<>""),$B20<$M$5),C21/1000/((D21-E20)*24),"") | L20: =IF(AND(AND($B20<=$M$5,E20<>""),$B20<$M$5),C21/2/1000/(((D20+D21)/2-E20)*24),"")
B21: =IF(4<=$M$5,4,"") | C21: =IF($B21<=$M$5,$M$13-IF($B21=1,$M$8,0)-IF($B21=$M$5,$M$9,0),"") | D21: =IF($B21<=$M$5,$M$12*SUM($C$18:C21)/$M$4,"") | F21: =IF(AND($B21<=$M$5,E21<>""),(D21-E21)*86400,"") | G21: =IF(AND($B21<=$M$5,E21<>""),E21-E20,"") | H21: =IF(AND($B21<=$M$5,E21<>""),C21/1000/(G21*24),"") | I21: =IF(AND($B21<=$M$5,E20<>""),C21/1000/((D21-E20)*24),"") | J21: =IF(AND(AND($B21<=$M$5,E21<>""),I21<>""),H21-I21,"") | K21: =IF(AND(AND($B21<=$M$5,E21<>""),$B21<$M$5),C22/1000/((D22-E21)*24),"") | L21: =IF(AND(AND($B21<=$M$5,E21<>""),$B21<$M$5),C22/2/1000/(((D21+D22)/2-E21)*24),"")
B22: =IF(5<=$M$5,5,"") | C22: =IF($B22<=$M$5,$M$13-IF($B22=1,$M$8,0)-IF($B22=$M$5,$M$9,0),"") | D22: =IF($B22<=$M$5,$M$12*SUM($C$18:C22)/$M$4,"") | F22: =IF(AND($B22<=$M$5,E22<>""),(D22-E22)*86400,"") | G22: =IF(AND($B22<=$M$5,E22<>""),E22-E21,"") | H22: =IF(AND($B22<=$M$5,E22<>""),C22/1000/(G22*24),"") | I22: =IF(AND($B22<=$M$5,E21<>""),C22/1000/((D22-E21)*24),"") | J22: =IF(AND(AND($B22<=$M$5,E22<>""),I22<>""),H22-I22,"") | K22: =IF(AND(AND($B22<=$M$5,E22<>""),$B22<$M$5),C23/1000/((D23-E22)*24),"") | L22: =IF(AND(AND($B22<=$M$5,E22<>""),$B22<$M$5),C23/2/1000/(((D22+D23)/2-E22)*24),"")
B23: =IF(6<=$M$5,6,"") | C23: =IF($B23<=$M$5,$M$13-IF($B23=1,$M$8,0)-IF($B23=$M$5,$M$9,0),"") | D23: =IF($B23<=$M$5,$M$12*SUM($C$18:C23)/$M$4,"") | F23: =IF(AND($B23<=$M$5,E23<>""),(D23-E23)*86400,"") | G23: =IF(AND($B23<=$M$5,E23<>""),E23-E22,"") | H23: =IF(AND($B23<=$M$5,E23<>""),C23/1000/(G23*24),"") | I23: =IF(AND($B23<=$M$5,E22<>""),C23/1000/((D23-E22)*24),"") | J23: =IF(AND(AND($B23<=$M$5,E23<>""),I23<>""),H23-I23,"") | K23: =IF(AND(AND($B23<=$M$5,E23<>""),$B23<$M$5),C24/1000/((D24-E23)*24),"") | L23: =IF(AND(AND($B23<=$M$5,E23<>""),$B23<$M$5),C24/2/1000/(((D23+D24)/2-E23)*24),"")
B24: =IF(7<=$M$5,7,"") | C24: =IF($B24<=$M$5,$M$13-IF($B24=1,$M$8,0)-IF($B24=$M$5,$M$9,0),"") | D24: =IF($B24<=$M$5,$M$12*SUM($C$18:C24)/$M$4,"") | F24: =IF(AND($B24<=$M$5,E24<>""),(D24-E24)*86400,"") | G24: =IF(AND($B24<=$M$5,E24<>""),E24-E23,"") | H24: =IF(AND($B24<=$M$5,E24<>""),C24/1000/(G24*24),"") | I24: =IF(AND($B24<=$M$5,E23<>""),C24/1000/((D24-E23)*24),"") | J24: =IF(AND(AND($B24<=$M$5,E24<>""),I24<>""),H24-I24,"") | K24: =IF(AND(AND($B24<=$M$5,E24<>""),$B24<$M$5),C25/1000/((D25-E24)*24),"") | L24: =IF(AND(AND($B24<=$M$5,E24<>""),$B24<$M$5),C25/2/1000/(((D24+D25)/2-E24)*24),"")
B26: 使い方：コントロールライン（最終周はゴール）を通った時の、スタートからの経過時間を「実走タイム（累計）」に入れる（例 0:04:57.1）。ほかは自動
B27: 差：目標タイムより早ければ＋（緑）、遅れていれば−（赤）
B28: 次の周の目標速度：次の周をこの速さで走ると、次の周の目標タイムちょうどに戻る（遅れ・貯金を次の1周で取り返す）
B29: 次の周の前半の目標速度：遅れ・貯金を次の周の前半の半周で取り返すときの速さ。後半は計画の速さで走る
B30: 一周平均速度の色：その周の目標速度以上〜＋1km/hで緑、目標未満で赤、それより速いと黄（速すぎて燃料がもったいない）
B31: 周の距離：1周目はスタートからコントロールまで、最終周はコントロールからゴールまでなので短い。元の記録表は全周を同じ長さ（全体距離÷周回数）にしていた
B32: Androidアプリ（EcoLogger）の「この周の目標」「差」「前半」と同じ計算

Sheet 電動二輪
B2: 電動二輪
K3: 入力（黄色のセル）
K4: 全体距離（m） | M4: 6856.72 | N4: 競技規則 第2章第1条第1項4（2026年）
K5: 周回数 | M5: 3 | N5: 競技規則 第2章第1条第1項4（2026年）
K6: 制限タイム | M6: =TIME(0,16,27)+0.36/86400 -> 0.011427778 | N6: 競技規則 第2章第1条第1項4（2026年）。小数点以下も規則の値
K7: 余裕（秒） | M7: 30 | N7: 制限タイムよりこれだけ早くゴールする。昨年のスーパーカブは約26秒早くゴールしていた（2025-10-12のGPX）。元の記録表は16:20（約7秒）
K8: スタート→コントロール（m） | M8: 277.8 | N8: ラインの間隔（直線距離）。コースウォークで測った値に書き換える。アプリの設定→ラインに出る「コントロール→スタート」の値。今は地図から拾ったおおよその位置
K9: ゴール→コントロール（m） | M9: 89.9 | N9: ラインの間隔（直線距離）。コースウォークで測った値に書き換える。アプリの設定→ラインに出る「ゴール→コントロール」の値。今は地図から拾ったおおよその位置
K11: 計算（触らない）
K12: 全体目標タイム | M12: =$M$6-$M$7/86400 -> 0.011080556 | N12: 制限タイム − 余裕
K13: 1周の長さ（m） | M13: =($M$4+$M$8+$M$9)/$M$5 -> 2408.14 | N13: 1周目はスタート→コントロールの分、最終周はゴール→コントロールの分だけ短い
K14: 計画の平均速度（km/h） | M14: =$M$4/1000/($M$12*24) -> 25.783605 | N14: 全体距離 ÷ 全体目標タイム。1周目の目標速度と同じ
B16: 周回 | C16: 周の距離（m） | D16: 目標タイム（累計） | E16: 実走タイム（累計） | F16: 差 | G16: 周タイム | H16: 一周平均速度 | I16: この周の目標速度 | J16: 目標比（km/h） | K16: 次の周の目標速度 | L16: 次の周の前半の目標速度
B17: スタート前 | D17: 0 | E17: 0 | K17: =C18/1000/(D18*24) -> 25.783605 | L17: =C18/2/1000/(D18/2*24) -> 25.783605
B18: =IF(1<=$M$5,1,"") -> 1 | C18: =IF($B18<=$M$5,$M$13-IF($B18=1,$M$8,0)-IF($B18=$M$5,$M$9,0),"") -> 2130.34 | D18: =IF($B18<=$M$5,$M$12*SUM($C$18:C18)/$M$4,"") -> 0.0034426593 | F18: =IF(AND($B18<=$M$5,E18<>""),(D18-E18)*86400,"") | G18: =IF(AND($B18<=$M$5,E18<>""),E18-E17,"") | H18: =IF(AND($B18<=$M$5,E18<>""),C18/1000/(G18*24),"") | I18: =IF(AND($B18<=$M$5,E17<>""),C18/1000/((D18-E17)*24),"") -> 25.783605 | J18: =IF(AND(AND($B18<=$M$5,E18<>""),I18<>""),H18-I18,"") | K18: =IF(AND(AND($B18<=$M$5,E18<>""),$B18<$M$5),C19/1000/((D19-E18)*24),"") | L18: =IF(AND(AND($B18<=$M$5,E18<>""),$B18<$M$5),C19/2/1000/(((D18+D19)/2-E18)*24),"")
B19: =IF(2<=$M$5,2,"") -> 2 | C19: =IF($B19<=$M$5,$M$13-IF($B19=1,$M$8,0)-IF($B19=$M$5,$M$9,0),"") -> 2408.14 | D19: =IF($B19<=$M$5,$M$12*SUM($C$18:C19)/$M$4,"") -> 0.0073342472 | F19: =IF(AND($B19<=$M$5,E19<>""),(D19-E19)*86400,"") | G19: =IF(AND($B19<=$M$5,E19<>""),E19-E18,"") | H19: =IF(AND($B19<=$M$5,E19<>""),C19/1000/(G19*24),"") | I19: =IF(AND($B19<=$M$5,E18<>""),C19/1000/((D19-E18)*24),"") | J19: =IF(AND(AND($B19<=$M$5,E19<>""),I19<>""),H19-I19,"") | K19: =IF(AND(AND($B19<=$M$5,E19<>""),$B19<$M$5),C20/1000/((D20-E19)*24),"") | L19: =IF(AND(AND($B19<=$M$5,E19<>""),$B19<$M$5),C20/2/1000/(((D19+D20)/2-E19)*24),"")
B20: =IF(3<=$M$5,3,"") -> 3 | C20: =IF($B20<=$M$5,$M$13-IF($B20=1,$M$8,0)-IF($B20=$M$5,$M$9,0),"") -> 2318.24 | D20: =IF($B20<=$M$5,$M$12*SUM($C$18:C20)/$M$4,"") -> 0.011080556 | F20: =IF(AND($B20<=$M$5,E20<>""),(D20-E20)*86400,"") | G20: =IF(AND($B20<=$M$5,E20<>""),E20-E19,"") | H20: =IF(AND($B20<=$M$5,E20<>""),C20/1000/(G20*24),"") | I20: =IF(AND($B20<=$M$5,E19<>""),C20/1000/((D20-E19)*24),"") | J20: =IF(AND(AND($B20<=$M$5,E20<>""),I20<>""),H20-I20,"") | K20: =IF(AND(AND($B20<=$M$5,E20<>""),$B20<$M$5),C21/1000/((D21-E20)*24),"") | L20: =IF(AND(AND($B20<=$M$5,E20<>""),$B20<$M$5),C21/2/1000/(((D20+D21)/2-E20)*24),"")
B21: =IF(4<=$M$5,4,"") | C21: =IF($B21<=$M$5,$M$13-IF($B21=1,$M$8,0)-IF($B21=$M$5,$M$9,0),"") | D21: =IF($B21<=$M$5,$M$12*SUM($C$18:C21)/$M$4,"") | F21: =IF(AND($B21<=$M$5,E21<>""),(D21-E21)*86400,"") | G21: =IF(AND($B21<=$M$5,E21<>""),E21-E20,"") | H21: =IF(AND($B21<=$M$5,E21<>""),C21/1000/(G21*24),"") | I21: =IF(AND($B21<=$M$5,E20<>""),C21/1000/((D21-E20)*24),"") | J21: =IF(AND(AND($B21<=$M$5,E21<>""),I21<>""),H21-I21,"") | K21: =IF(AND(AND($B21<=$M$5,E21<>""),$B21<$M$5),C22/1000/((D22-E21)*24),"") | L21: =IF(AND(AND($B21<=$M$5,E21<>""),$B21<$M$5),C22/2/1000/(((D21+D22)/2-E21)*24),"")
B22: =IF(5<=$M$5,5,"") | C22: =IF($B22<=$M$5,$M$13-IF($B22=1,$M$8,0)-IF($B22=$M$5,$M$9,0),"") | D22: =IF($B22<=$M$5,$M$12*SUM($C$18:C22)/$M$4,"") | F22: =IF(AND($B22<=$M$5,E22<>""),(D22-E22)*86400,"") | G22: =IF(AND($B22<=$M$5,E22<>""),E22-E21,"") | H22: =IF(AND($B22<=$M$5,E22<>""),C22/1000/(G22*24),"") | I22: =IF(AND($B22<=$M$5,E21<>""),C22/1000/((D22-E21)*24),"") | J22: =IF(AND(AND($B22<=$M$5,E22<>""),I22<>""),H22-I22,"") | K22: =IF(AND(AND($B22<=$M$5,E22<>""),$B22<$M$5),C23/1000/((D23-E22)*24),"") | L22: =IF(AND(AND($B22<=$M$5,E22<>""),$B22<$M$5),C23/2/1000/(((D22+D23)/2-E22)*24),"")
B23: =IF(6<=$M$5,6,"") | C23: =IF($B23<=$M$5,$M$13-IF($B23=1,$M$8,0)-IF($B23=$M$5,$M$9,0),"") | D23: =IF($B23<=$M$5,$M$12*SUM($C$18:C23)/$M$4,"") | F23: =IF(AND($B23<=$M$5,E23<>""),(D23-E23)*86400,"") | G23: =IF(AND($B23<=$M$5,E23<>""),E23-E22,"") | H23: =IF(AND($B23<=$M$5,E23<>""),C23/1000/(G23*24),"") | I23: =IF(AND($B23<=$M$5,E22<>""),C23/1000/((D23-E22)*24),"") | J23: =IF(AND(AND($B23<=$M$5,E23<>""),I23<>""),H23-I23,"") | K23: =IF(AND(AND($B23<=$M$5,E23<>""),$B23<$M$5),C24/1000/((D24-E23)*24),"") | L23: =IF(AND(AND($B23<=$M$5,E23<>""),$B23<$M$5),C24/2/1000/(((D23+D24)/2-E23)*24),"")
B24: =IF(7<=$M$5,7,"") | C24: =IF($B24<=$M$5,$M$13-IF($B24=1,$M$8,0)-IF($B24=$M$5,$M$9,0),"") | D24: =IF($B24<=$M$5,$M$12*SUM($C$18:C24)/$M$4,"") | F24: =IF(AND($B24<=$M$5,E24<>""),(D24-E24)*86400,"") | G24: =IF(AND($B24<=$M$5,E24<>""),E24-E23,"") | H24: =IF(AND($B24<=$M$5,E24<>""),C24/1000/(G24*24),"") | I24: =IF(AND($B24<=$M$5,E23<>""),C24/1000/((D24-E23)*24),"") | J24: =IF(AND(AND($B24<=$M$5,E24<>""),I24<>""),H24-I24,"") | K24: =IF(AND(AND($B24<=$M$5,E24<>""),$B24<$M$5),C25/1000/((D25-E24)*24),"") | L24: =IF(AND(AND($B24<=$M$5,E24<>""),$B24<$M$5),C25/2/1000/(((D24+D25)/2-E24)*24),"")
B26: 使い方：コントロールライン（最終周はゴール）を通った時の、スタートからの経過時間を「実走タイム（累計）」に入れる（例 0:04:57.1）。ほかは自動
B27: 差：目標タイムより早ければ＋（緑）、遅れていれば−（赤）
B28: 次の周の目標速度：次の周をこの速さで走ると、次の周の目標タイムちょうどに戻る（遅れ・貯金を次の1周で取り返す）
B29: 次の周の前半の目標速度：遅れ・貯金を次の周の前半の半周で取り返すときの速さ。後半は計画の速さで走る
B30: 一周平均速度の色：その周の目標速度以上〜＋1km/hで緑、目標未満で赤、それより速いと黄（速すぎて燃料がもったいない）
B31: 周の距離：1周目はスタートからコントロールまで、最終周はコントロールからゴールまでなので短い。元の記録表は全周を同じ長さ（全体距離÷周回数）にしていた
B32: Androidアプリ（EcoLogger）の「この周の目標」「差」「前半」と同じ計算

Sheet CNグループⅢ
B2: CNグループⅢ
K3: 入力（黄色のセル）
K4: 全体距離（m） | M4: 16389.68 | N4: 競技規則 第2章第1条第1項4（2026年）
K5: 周回数 | M5: 7 | N5: 競技規則 第2章第1条第1項4（2026年）
K6: 制限タイム | M6: =TIME(0,39,20)+0.11/86400 -> 0.027316088 | N6: 競技規則 第2章第1条第1項4（2026年）。小数点以下も規則の値
K7: 余裕（秒） | M7: 30 | N7: 制限タイムよりこれだけ早くゴールする。昨年のスーパーカブは約26秒早くゴールしていた（2025-10-12のGPX）。元の記録表は16:20（約7秒）
K8: スタート→コントロール（m） | M8: 277.8 | N8: ラインの間隔（直線距離）。コースウォークで測った値に書き換える。アプリの設定→ラインに出る「コントロール→スタート」の値。今は地図から拾ったおおよその位置
K9: ゴール→コントロール（m） | M9: 89.9 | N9: ラインの間隔（直線距離）。コースウォークで測った値に書き換える。アプリの設定→ラインに出る「ゴール→コントロール」の値。今は地図から拾ったおおよその位置
K11: 計算（触らない）
K12: 全体目標タイム | M12: =$M$6-$M$7/86400 -> 0.026968866 | N12: 制限タイム − 余裕
K13: 1周の長さ（m） | M13: =($M$4+$M$8+$M$9)/$M$5 -> 2393.9114 | N13: 1周目はスタート→コントロールの分、最終周はゴール→コントロールの分だけ短い
K14: 計画の平均速度（km/h） | M14: =$M$4/1000/($M$12*24) -> 25.321915 | N14: 全体距離 ÷ 全体目標タイム。1周目の目標速度と同じ
B16: 周回 | C16: 周の距離（m） | D16: 目標タイム（累計） | E16: 実走タイム（累計） | F16: 差 | G16: 周タイム | H16: 一周平均速度 | I16: この周の目標速度 | J16: 目標比（km/h） | K16: 次の周の目標速度 | L16: 次の周の前半の目標速度
B17: スタート前 | D17: 0 | E17: 0 | K17: =C18/1000/(D18*24) -> 25.321915 | L17: =C18/2/1000/(D18/2*24) -> 25.321915
B18: =IF(1<=$M$5,1,"") -> 1 | C18: =IF($B18<=$M$5,$M$13-IF($B18=1,$M$8,0)-IF($B18=$M$5,$M$9,0),"") -> 2116.1114 | D18: =IF($B18<=$M$5,$M$12*SUM($C$18:C18)/$M$4,"") -> 0.0034820158 | F18: =IF(AND($B18<=$M$5,E18<>""),(D18-E18)*86400,"") | G18: =IF(AND($B18<=$M$5,E18<>""),E18-E17,"") | H18: =IF(AND($B18<=$M$5,E18<>""),C18/1000/(G18*24),"") | I18: =IF(AND($B18<=$M$5,E17<>""),C18/1000/((D18-E17)*24),"") -> 25.321915 | J18: =IF(AND(AND($B18<=$M$5,E18<>""),I18<>""),H18-I18,"") | K18: =IF(AND(AND($B18<=$M$5,E18<>""),$B18<$M$5),C19/1000/((D19-E18)*24),"") | L18: =IF(AND(AND($B18<=$M$5,E18<>""),$B18<$M$5),C19/2/1000/(((D18+D19)/2-E18)*24),"")
B19: =IF(2<=$M$5,2,"") -> 2 | C19: =IF($B19<=$M$5,$M$13-IF($B19=1,$M$8,0)-IF($B19=$M$5,$M$9,0),"") -> 2393.9114 | D19: =IF($B19<=$M$5,$M$12*SUM($C$18:C19)/$M$4,"") -> 0.0074211456 | F19: =IF(AND($B19<=$M$5,E19<>""),(D19-E19)*86400,"") | G19: =IF(AND($B19<=$M$5,E19<>""),E19-E18,"") | H19: =IF(AND($B19<=$M$5,E19<>""),C19/1000/(G19*24),"") | I19: =IF(AND($B19<=$M$5,E18<>""),C19/1000/((D19-E18)*24),"") | J19: =IF(AND(AND($B19<=$M$5,E19<>""),I19<>""),H19-I19,"") | K19: =IF(AND(AND($B19<=$M$5,E19<>""),$B19<$M$5),C20/1000/((D20-E19)*24),"") | L19: =IF(AND(AND($B19<=$M$5,E19<>""),$B19<$M$5),C20/2/1000/(((D19+D20)/2-E19)*24),"")
B20: =IF(3<=$M$5,3,"") -> 3 | C20: =IF($B20<=$M$5,$M$13-IF($B20=1,$M$8,0)-IF($B20=$M$5,$M$9,0),"") -> 2393.9114 | D20: =IF($B20<=$M$5,$M$12*SUM($C$18:C20)/$M$4,"") -> 0.011360275 | F20: =IF(AND($B20<=$M$5,E20<>""),(D20-E20)*86400,"") | G20: =IF(AND($B20<=$M$5,E20<>""),E20-E19,"") | H20: =IF(AND($B20<=$M$5,E20<>""),C20/1000/(G20*24),"") | I20: =IF(AND($B20<=$M$5,E19<>""),C20/1000/((D20-E19)*24),"") | J20: =IF(AND(AND($B20<=$M$5,E20<>""),I20<>""),H20-I20,"") | K20: =IF(AND(AND($B20<=$M$5,E20<>""),$B20<$M$5),C21/1000/((D21-E20)*24),"") | L20: =IF(AND(AND($B20<=$M$5,E20<>""),$B20<$M$5),C21/2/1000/(((D20+D21)/2-E20)*24),"")
B21: =IF(4<=$M$5,4,"") -> 4 | C21: =IF($B21<=$M$5,$M$13-IF($B21=1,$M$8,0)-IF($B21=$M$5,$M$9,0),"") -> 2393.9114 | D21: =IF($B21<=$M$5,$M$12*SUM($C$18:C21)/$M$4,"") -> 0.015299405 | F21: =IF(AND($B21<=$M$5,E21<>""),(D21-E21)*86400,"") | G21: =IF(AND($B21<=$M$5,E21<>""),E21-E20,"") | H21: =IF(AND($B21<=$M$5,E21<>""),C21/1000/(G21*24),"") | I21: =IF(AND($B21<=$M$5,E20<>""),C21/1000/((D21-E20)*24),"") | J21: =IF(AND(AND($B21<=$M$5,E21<>""),I21<>""),H21-I21,"") | K21: =IF(AND(AND($B21<=$M$5,E21<>""),$B21<$M$5),C22/1000/((D22-E21)*24),"") | L21: =IF(AND(AND($B21<=$M$5,E21<>""),$B21<$M$5),C22/2/1000/(((D21+D22)/2-E21)*24),"")
B22: =IF(5<=$M$5,5,"") -> 5 | C22: =IF($B22<=$M$5,$M$13-IF($B22=1,$M$8,0)-IF($B22=$M$5,$M$9,0),"") -> 2393.9114 | D22: =IF($B22<=$M$5,$M$12*SUM($C$18:C22)/$M$4,"") -> 0.019238535 | F22: =IF(AND($B22<=$M$5,E22<>""),(D22-E22)*86400,"") | G22: =IF(AND($B22<=$M$5,E22<>""),E22-E21,"") | H22: =IF(AND($B22<=$M$5,E22<>""),C22/1000/(G22*24),"") | I22: =IF(AND($B22<=$M$5,E21<>""),C22/1000/((D22-E21)*24),"") | J22: =IF(AND(AND($B22<=$M$5,E22<>""),I22<>""),H22-I22,"") | K22: =IF(AND(AND($B22<=$M$5,E22<>""),$B22<$M$5),C23/1000/((D23-E22)*24),"") | L22: =IF(AND(AND($B22<=$M$5,E22<>""),$B22<$M$5),C23/2/1000/(((D22+D23)/2-E22)*24),"")
B23: =IF(6<=$M$5,6,"") -> 6 | C23: =IF($B23<=$M$5,$M$13-IF($B23=1,$M$8,0)-IF($B23=$M$5,$M$9,0),"") -> 2393.9114 | D23: =IF($B23<=$M$5,$M$12*SUM($C$18:C23)/$M$4,"") -> 0.023177665 | F23: =IF(AND($B23<=$M$5,E23<>""),(D23-E23)*86400,"") | G23: =IF(AND($B23<=$M$5,E23<>""),E23-E22,"") | H23: =IF(AND($B23<=$M$5,E23<>""),C23/1000/(G23*24),"") | I23: =IF(AND($B23<=$M$5,E22<>""),C23/1000/((D23-E22)*24),"") | J23: =IF(AND(AND($B23<=$M$5,E23<>""),I23<>""),H23-I23,"") | K23: =IF(AND(AND($B23<=$M$5,E23<>""),$B23<$M$5),C24/1000/((D24-E23)*24),"") | L23: =IF(AND(AND($B23<=$M$5,E23<>""),$B23<$M$5),C24/2/1000/(((D23+D24)/2-E23)*24),"")
B24: =IF(7<=$M$5,7,"") -> 7 | C24: =IF($B24<=$M$5,$M$13-IF($B24=1,$M$8,0)-IF($B24=$M$5,$M$9,0),"") -> 2304.0114 | D24: =IF($B24<=$M$5,$M$12*SUM($C$18:C24)/$M$4,"") -> 0.026968866 | F24: =IF(AND($B24<=$M$5,E24<>""),(D24-E24)*86400,"") | G24: =IF(AND($B24<=$M$5,E24<>""),E24-E23,"") | H24: =IF(AND($B24<=$M$5,E24<>""),C24/1000/(G24*24),"") | I24: =IF(AND($B24<=$M$5,E23<>""),C24/1000/((D24-E23)*24),"") | J24: =IF(AND(AND($B24<=$M$5,E24<>""),I24<>""),H24-I24,"") | K24: =IF(AND(AND($B24<=$M$5,E24<>""),$B24<$M$5),C25/1000/((D25-E24)*24),"") | L24: =IF(AND(AND($B24<=$M$5,E24<>""),$B24<$M$5),C25/2/1000/(((D24+D25)/2-E24)*24),"")
B26: 使い方：コントロールライン（最終周はゴール）を通った時の、スタートからの経過時間を「実走タイム（累計）」に入れる（例 0:04:57.1）。ほかは自動
B27: 差：目標タイムより早ければ＋（緑）、遅れていれば−（赤）
B28: 次の周の目標速度：次の周をこの速さで走ると、次の周の目標タイムちょうどに戻る（遅れ・貯金を次の1周で取り返す）
B29: 次の周の前半の目標速度：遅れ・貯金を次の周の前半の半周で取り返すときの速さ。後半は計画の速さで走る
B30: 一周平均速度の色：その周の目標速度以上〜＋1km/hで緑、目標未満で赤、それより速いと黄（速すぎて燃料がもったいない）
B31: 周の距離：1周目はスタートからコントロールまで、最終周はコントロールからゴールまでなので短い。元の記録表は全周を同じ長さ（全体距離÷周回数）にしていた
B32: Androidアプリ（EcoLogger）の「この周の目標」「差」「前半」と同じ計算

Sheet 昨年の実走（検証）
B2: 昨年のスーパーカブ（2025-10-12 全国大会、GPXから）
B3: スタート・コントロール・ゴールを通った時刻をGPX（10〜16秒おきの点）から読み、1周ずつの平均速度を2通りの距離で出した。距離の補正後は3周ともほぼ同じ速さ＝実際は一定のペースで走れていた。等分のままだと1周目が速すぎ・2周目が遅すぎに見える
B5: 周回 | C5: 実走タイム（累計） | D5: 周タイム | E5: 等分の距離（m） | F5: 等分での平均速度 | G5: 補正後の距離（m） | H5: 補正後の平均速度 | I5: GPSの道のり（m）
B6: 1 | C6: =TIME(0,4,57)+0.1/86400 -> 0.0034386574 | D6: =C6 -> 0.0034386574 | E6: =CN二輪車!$M$4/CN二輪車!$M$5 -> 2285.5733 | F6: =E6/1000/(D6*24) -> 27.694594 | G6: =CN二輪車!C18 -> 2130.34 | H6: =G6/1000/(D6*24) -> 25.813612 | I6: 2091
B7: 2 | C7: =TIME(0,10,36)+0/86400 -> 0.0073611111 | D7: =C7-C6 -> 0.0039224537 | E7: =CN二輪車!$M$4/CN二輪車!$M$5 -> 2285.5733 | F7: =E7/1000/(D7*24) -> 24.278737 | G7: =CN二輪車!C19 -> 2408.14 | H7: =G7/1000/(D7*24) -> 25.580714 | I7: 2375
B8: 3 | C8: =TIME(0,16,0)+0.9/86400 -> 0.011121528 | D8: =C8-C7 -> 0.0037604167 | E8: =CN二輪車!$M$4/CN二輪車!$M$5 -> 2285.5733 | F8: =E8/1000/(D8*24) -> 25.324912 | G8: =CN二輪車!C20 -> 2318.24 | H8: =G8/1000/(D8*24) -> 25.68687 | I8: 2275
B10: ゴールは16:00.9、制限16:27.36に対して約26秒早い（余裕の既定30秒の根拠）
B11: GPSの道のりは点が粗くカーブで角を切るため約2%短く出る。補正後の距離と2%以内で一致し、等分の距離（2285.6m）とは1周目で約190m違う
B12: 距離の補正後の値は「CN二輪車」シートの入力（スタート→コントロール・ゴール→コントロール）を使う
